{"cameraMode":{"drawMode":0,"name":"Shaded","section":"Shading Mode"},"sceneLighting":false,"audioPlay":false,"sceneViewState":{"m_AlwaysRefresh":false,"showFog":false,"showSkybox":false,"showFlares":false,"showImageEffects":false,"showParticleSystems":false,"showVisualEffectGraphs":true,"m_FxEnabled":true},"in2DMode":false,"pivot":{"x":-0.00006860494613647461,"y":0.8379229307174683,"z":0.019404351711273195},"rotation":{"x":0.009391534142196179,"y":0.9903209805488586,"z":-0.0851883515715599,"w":0.10917723923921585},"size":1.3678401708602906,"orthographic":false}